-- phpMyAdmin SQL Dump
-- version 4.7.9
-- https://www.phpmyadmin.net/
--
-- Host: 127.0.0.1
-- Generation Time: Dec 09, 2019 at 11:22 AM
-- Server version: 10.1.31-MariaDB
-- PHP Version: 7.2.3

SET SQL_MODE = "NO_AUTO_VALUE_ON_ZERO";
SET AUTOCOMMIT = 0;
START TRANSACTION;
SET time_zone = "+00:00";


/*!40101 SET @OLD_CHARACTER_SET_CLIENT=@@CHARACTER_SET_CLIENT */;
/*!40101 SET @OLD_CHARACTER_SET_RESULTS=@@CHARACTER_SET_RESULTS */;
/*!40101 SET @OLD_COLLATION_CONNECTION=@@COLLATION_CONNECTION */;
/*!40101 SET NAMES utf8mb4 */;

--
-- Database: `dbolshop`
--

-- --------------------------------------------------------

--
-- Table structure for table `cart`
--

CREATE TABLE `cart` (
  `id_cart` varchar(20) NOT NULL,
  `tanggal` datetime NOT NULL,
  `kode` varchar(11) NOT NULL,
  `nama` varchar(50) NOT NULL,
  `harga` varchar(10) NOT NULL,
  `qty` varchar(10) NOT NULL,
  `jumlah` varchar(10) NOT NULL,
  `session` varchar(20) NOT NULL
) ENGINE=InnoDB DEFAULT CHARSET=latin1;

--
-- Dumping data for table `cart`
--

INSERT INTO `cart` (`id_cart`, `tanggal`, `kode`, `nama`, `harga`, `qty`, `jumlah`, `session`) VALUES
('20180206152934', '2018-02-06 15:29:34', '58', 'Oseng Kacan', '6000', '1', '6000', '20170820071826');

-- --------------------------------------------------------

--
-- Table structure for table `customer`
--

CREATE TABLE `customer` (
  `kd_cus` varchar(20) NOT NULL,
  `nama` varchar(30) NOT NULL,
  `alamat` varchar(50) NOT NULL,
  `no_telp` varchar(15) NOT NULL,
  `username` varchar(15) NOT NULL,
  `password` text NOT NULL,
  `gambar` varchar(100) NOT NULL
) ENGINE=InnoDB DEFAULT CHARSET=latin1;

--
-- Dumping data for table `customer`
--

INSERT INTO `customer` (`kd_cus`, `nama`, `alamat`, `no_telp`, `username`, `password`, `gambar`) VALUES
('20170820071826', 'admin', 'admin', 'admin', 'admin', '21232f297a57a5a743894a0e4a801fc3', '../admin/gambar_customer/images.jpg'),
('20180205073805', 'niqoweb', 'niqoweb', 'niqoweb', 'niqoweb', '6414e69bf25357d8d63353f469b35a7416963ab1', ''),
('20191014214346', 'icha', 'surabaya', '087839357552', 'icha', '5e7dd3f6f37f05e3118249b3c0fc5af431927856', ''),
('20191014220453', 'test', 'sdfghjk', '12345678', 'test', 'a94a8fe5ccb19ba61c4c0873d391e987982fbbd3', ''),
('20191015094633', 'cust', 'asdfghjkl', '1234567890', 'cust', '40bd001563085fc35165329ea1ff5c5ecbdbbeef', ''),
('20191125214458', 'customer', 'surabaya', '12345678', 'customer', '40bd001563085fc35165329ea1ff5c5ecbdbbeef', '');

-- --------------------------------------------------------

--
-- Table structure for table `konfirmasi`
--

CREATE TABLE `konfirmasi` (
  `id_kon` int(6) NOT NULL,
  `nopo` varchar(20) NOT NULL,
  `kd_cus` varchar(20) NOT NULL,
  `bayar_via` varchar(30) NOT NULL,
  `tanggal` datetime NOT NULL,
  `jumlah` int(10) NOT NULL,
  `bukti_transfer` varchar(50) NOT NULL,
  `status` enum('Bayar','Belum') NOT NULL
) ENGINE=InnoDB DEFAULT CHARSET=latin1;

--
-- Dumping data for table `konfirmasi`
--

INSERT INTO `konfirmasi` (`id_kon`, `nopo`, `kd_cus`, `bayar_via`, `tanggal`, `jumlah`, `bukti_transfer`, `status`) VALUES
(20, '20180205073805', '20180205073805', '0', '2018-02-05 07:38:37', 26000, '0', 'Belum'),
(22, '20170820071826', '20170820071826', 'Cash On Delivery (CO', '2018-02-05 09:44:53', 21000, '0', 'Belum'),
(23, '20191014220453', '20191014220453', 'Cash On Delivery (COD)', '2019-10-14 22:05:41', 6000, '0', 'Belum'),
(24, '20191015094633', '20191015094633', 'Cash On Delivery (COD)', '2019-10-15 10:03:58', 75000, '0', 'Belum'),
(25, '20191125214458', '20191125214458', 'Cash On Delivery (COD)', '2019-11-25 21:51:12', 75000, '0', 'Belum'),
(26, '20191125214458', '20191125214458', 'Cash On Delivery (COD)', '2019-11-25 21:51:46', 75000, '0', 'Belum');

-- --------------------------------------------------------

--
-- Table structure for table `po`
--

CREATE TABLE `po` (
  `nopo` varchar(20) NOT NULL,
  `tanggalkirim` date NOT NULL,
  `status` enum('Proses','Selesai','Terkirim','') NOT NULL
) ENGINE=InnoDB DEFAULT CHARSET=latin1;

-- --------------------------------------------------------

--
-- Table structure for table `po_terima`
--

CREATE TABLE `po_terima` (
  `id` int(10) NOT NULL,
  `nopo` varchar(20) NOT NULL,
  `kd_cus` varchar(20) NOT NULL,
  `kode` int(4) NOT NULL,
  `tanggal` datetime NOT NULL,
  `qty` int(8) NOT NULL,
  `total` int(8) NOT NULL
) ENGINE=InnoDB DEFAULT CHARSET=latin1;

--
-- Dumping data for table `po_terima`
--

INSERT INTO `po_terima` (`id`, `nopo`, `kd_cus`, `kode`, `tanggal`, `qty`, `total`) VALUES
(38, '20180205073805', '20180205073805', 17, '2018-02-05 07:38:23', 2, 26000),
(39, '20170820071826', '20170820071826', 57, '2018-02-05 09:44:15', 1, 6000),
(40, '20170820071826', '20170820071826', 54, '2018-02-05 09:44:19', 1, 15000),
(41, '20191014220453', '20191014220453', 58, '2019-10-14 22:05:18', 1, 6000),
(42, '20191015094633', '20191015094633', 5, '2019-10-15 10:03:47', 1, 75000),
(43, '20191125214458', '20191125214458', 6, '2019-11-25 21:50:58', 1, 75000),
(44, '20191125214458', '20191125214458', 5, '2019-11-25 21:51:37', 1, 75000);

-- --------------------------------------------------------

--
-- Table structure for table `produk`
--

CREATE TABLE `produk` (
  `kode` int(10) NOT NULL,
  `nama` varchar(30) NOT NULL,
  `jenis` varchar(10) NOT NULL,
  `harga` int(10) NOT NULL,
  `keterangan` varchar(100) NOT NULL,
  `stok` int(3) NOT NULL,
  `gambar` varchar(40) NOT NULL
) ENGINE=InnoDB DEFAULT CHARSET=latin1;

--
-- Dumping data for table `produk`
--

INSERT INTO `produk` (`kode`, `nama`, `jenis`, `harga`, `keterangan`, `stok`, `gambar`) VALUES
(4, 'Pop Corn Dessert Box', 'Makanan', 75000, 'Cake dengan lapisan white choco dan topping popcorn.', 10, 'gambar_produk/images(1).jpg'),
(5, 'Lava Nutella Dessert Box', 'Makanan', 75000, 'Cake dengan lapisan coklat Nutella.', 7, 'gambar_produk/images(2).jpg'),
(6, 'Thai Tea Boba Dessert Box', 'Makanan', 75000, 'Cake dengan lapisan cream coklat thai tea dan topping boba.', 9, 'gambar_produk/images(3).jpg');

-- --------------------------------------------------------

--
-- Table structure for table `tmp_po_terima`
--

CREATE TABLE `tmp_po_terima` (
  `id` int(10) NOT NULL,
  `nopo` varchar(10) NOT NULL,
  `kd_cus` varchar(10) NOT NULL,
  `kode` int(4) NOT NULL,
  `tanggal` date NOT NULL,
  `qty` int(8) NOT NULL,
  `total` int(8) NOT NULL
) ENGINE=InnoDB DEFAULT CHARSET=latin1;

-- --------------------------------------------------------

--
-- Table structure for table `user`
--

CREATE TABLE `user` (
  `user_id` int(10) NOT NULL,
  `username` varchar(30) NOT NULL,
  `password` text NOT NULL,
  `fullname` varchar(30) NOT NULL,
  `gambar` varchar(40) NOT NULL
) ENGINE=InnoDB DEFAULT CHARSET=latin1;

--
-- Dumping data for table `user`
--

INSERT INTO `user` (`user_id`, `username`, `password`, `fullname`, `gambar`) VALUES
(1, 'admin', 'fb92eb16a09ed530c91a0e17d9d61a7758754013', 'icha', 'gambar_admin/admin.png');

--
-- Indexes for dumped tables
--

--
-- Indexes for table `cart`
--
ALTER TABLE `cart`
  ADD PRIMARY KEY (`id_cart`);

--
-- Indexes for table `customer`
--
ALTER TABLE `customer`
  ADD PRIMARY KEY (`kd_cus`);

--
-- Indexes for table `konfirmasi`
--
ALTER TABLE `konfirmasi`
  ADD PRIMARY KEY (`id_kon`);

--
-- Indexes for table `po`
--
ALTER TABLE `po`
  ADD PRIMARY KEY (`nopo`);

--
-- Indexes for table `po_terima`
--
ALTER TABLE `po_terima`
  ADD PRIMARY KEY (`id`);

--
-- Indexes for table `produk`
--
ALTER TABLE `produk`
  ADD PRIMARY KEY (`kode`);

--
-- Indexes for table `tmp_po_terima`
--
ALTER TABLE `tmp_po_terima`
  ADD PRIMARY KEY (`id`);

--
-- Indexes for table `user`
--
ALTER TABLE `user`
  ADD PRIMARY KEY (`user_id`);

--
-- AUTO_INCREMENT for dumped tables
--

--
-- AUTO_INCREMENT for table `konfirmasi`
--
ALTER TABLE `konfirmasi`
  MODIFY `id_kon` int(6) NOT NULL AUTO_INCREMENT, AUTO_INCREMENT=27;

--
-- AUTO_INCREMENT for table `po_terima`
--
ALTER TABLE `po_terima`
  MODIFY `id` int(10) NOT NULL AUTO_INCREMENT, AUTO_INCREMENT=45;

--
-- AUTO_INCREMENT for table `produk`
--
ALTER TABLE `produk`
  MODIFY `kode` int(10) NOT NULL AUTO_INCREMENT, AUTO_INCREMENT=7;

--
-- AUTO_INCREMENT for table `tmp_po_terima`
--
ALTER TABLE `tmp_po_terima`
  MODIFY `id` int(10) NOT NULL AUTO_INCREMENT;

--
-- AUTO_INCREMENT for table `user`
--
ALTER TABLE `user`
  MODIFY `user_id` int(10) NOT NULL AUTO_INCREMENT, AUTO_INCREMENT=2;
COMMIT;

/*!40101 SET CHARACTER_SET_CLIENT=@OLD_CHARACTER_SET_CLIENT */;
/*!40101 SET CHARACTER_SET_RESULTS=@OLD_CHARACTER_SET_RESULTS */;
/*!40101 SET COLLATION_CONNECTION=@OLD_COLLATION_CONNECTION */;
